TAZ,hbw
1,0.990527
2,-0.097196
3,0.0
4,0.24125
5,0.25179
6,0.0
7,-0.096285
8,-0.218955
9,0.227162
10,-0.183394
11,0.165828
12,-0.066206
13,0.428534
14,0.0
15,-0.907846
16,-0.239321
17,0.87288
18,0.0
19,1.353541
20,0.020525
21,0.274037
22,1.265809
23,-0.15834
24,0.868937
25,0.574879
26,0.417224
27,0.22414
28,0.381145
29,0.434288
30,0.784635
31,0.162045
32,0.787227
33,0.0
34,-0.404018
35,-1.247884
36,-0.830777
37,-0.198644
38,0.452705
39,-0.020598
40,-0.125629
41,0.967285
42,0.189724
43,0.0
44,-0.801344
45,-0.115803
46,1.299556
47,0.977519
48,-0.915098
49,1.398406
50,0.60753
51,-0.406887
52,-0.952474
53,0.40562
54,-0.145823
55,0.088995
56,0.407621
57,0.924393
58,0.51486
59,0.24152
60,-0.039598
61,0.0
62,0.0
63,0.418477
64,-0.569517
65,1.353909
66,0.734305
67,-0.09089
68,-0.655963
69,-0.414317
70,1.209326
71,0.548686
72,-0.352379
73,0.327444
74,0.128052
75,0.0
76,-0.489231
77,0.038868
78,-0.625383
79,-1.018947
80,-0.936411
81,-0.579057
82,-0.688973
83,-0.759721
84,-0.817019
85,-1.323605
86,0.231487
87,0.155721
88,0.608492
89,-0.20087
90,-0.486196
91,0.301167
92,-0.016922
93,0.800938
94,0.300454
95,-0.171062
96,-1.074404
97,-0.879067
98,-0.961241
99,0.086559
100,-0.786295
101,-0.629897
102,-0.561735
103,-0.724961
104,-0.269939
105,0.998389
106,0.190033
107,-0.735862
108,0.12044
109,-0.67752
110,-0.2281
111,-0.107651
112,-0.881116
113,-0.589546
114,-0.153753
115,-1.489612
116,0.896434
117,-0.069528
118,0.572807
119,-0.132031
120,-0.281907
121,-1.445787
122,-0.550874
123,-1.086303
124,-0.820347
125,-0.85763
126,0.18947
127,-0.584586
128,-0.140805
129,-0.071627
130,-0.440044
131,-0.147199
132,-0.036429
133,-2.475766
134,-0.706357
135,-1.055685
136,-0.925403
137,0.39072
138,-0.052205
139,-0.934295
140,-0.83187
141,-0.117817
142,0.256528
143,0.234087
144,0.367732
145,-0.598897
146,-0.263701
147,-1.64783
148,-0.456349
149,-0.08245
150,0.062881
151,-0.394768
152,0.410592
153,-2.506798
154,-0.410189
155,0.0
156,-0.342787
157,-0.511036
158,-0.320691
159,-1.905938
160,-0.224364
161,-0.138872
162,-0.282538
163,0.111945
164,-0.30395
165,0.0
166,-0.245054
167,-0.663341
168,-0.666626
169,-0.832151
170,0.393889
171,-0.909813
172,-1.878429
173,0.0
174,-1.16472
175,-0.133817
176,-0.887506
177,0.104145
178,-1.023891
179,-0.500415
180,-0.446279
181,-0.119323
182,-1.073333
183,-0.941194
184,-0.711584
185,-0.711115
186,-0.651194
187,0.109818
188,-1.163158
189,0.0
190,-0.757426
191,-0.867437
192,0.251972
193,-0.684739
194,-0.412672
195,0.170749
196,-0.221587
197,-0.190199
198,0.066447
199,-0.212324
200,-0.421705
201,-0.118446
202,-0.552063
203,-0.299009
204,-0.119144
205,-0.827954
206,-0.766588
207,-0.576012
208,-0.884634
209,0.159006
210,-0.665309
211,0.011182
212,0.199701
213,-0.138676
214,-0.382539
215,-0.444382
216,-0.00085
217,-0.031327
218,0.300717
219,-0.393676
220,0.297071
221,-0.493677
222,-0.595967
223,0.0
224,-1.967132
225,-0.12863
226,-0.918663
227,-1.055469
228,-1.345267
229,-1.542451
230,0.0
231,-0.160015
232,-0.793951
233,-0.643926
234,-1.642583
235,-0.656449
236,-0.481431
237,-0.591051
238,-0.640039
239,0.0
240,-0.995168
241,0.030828
242,0.223474
243,-1.293247
244,0.0
245,-0.341896
246,-1.440226
247,0.281028
248,0.277943
249,0.599229
250,-0.842666
251,-0.352863
252,0.007589
253,-0.357188
254,0.500456
255,-1.860879
256,-0.508308
257,-0.513611
258,-0.365729
259,-0.452251
260,-0.487732
261,-0.778087
262,-0.698934
263,-1.033377
264,-0.092898
265,0.0
266,-0.887548
267,-1.877504
268,0.061268
269,-1.291668
270,0.0
271,0.0
272,-0.145271
273,0.294975
274,-1.180202
275,-0.437321
276,0.0
277,0.0
278,-0.133666
279,0.368973
280,-0.601841
281,-1.265619
282,-0.859657
283,-2.09455
284,0.043158
285,-0.175083
286,-0.289491
287,-0.699751
288,-0.974615
289,-1.535521
290,-0.604986
291,-0.216744
292,-1.23055
293,0.249881
294,-0.088196
295,-0.054793
296,-1.545396
297,-1.364774
298,-0.433636
299,0.194223
300,-0.338626
301,0.117405
302,-0.412974
303,-0.044292
304,0.104669
305,-0.244217
306,-1.045794
307,0.648745
308,0.154541
309,-0.443294
310,-0.72874
311,-0.33864
312,0.0
313,0.0
314,0.0
315,0.0
316,-0.989324
317,0.0
318,0.0
319,-0.082491
320,-0.653111
321,0.425623
322,0.297599
323,-0.532459
324,-0.15828
325,0.188333
326,0.292063
327,0.477142
328,0.843093
329,0.800994
330,0.0
331,0.199838
332,0.672769
333,0.68246
334,0.0
335,0.111145
336,0.772086
337,0.550939
338,0.560373
339,0.247733
340,0.0
341,-0.120439
342,-0.048652
343,0.481942
344,-0.308298
345,-0.020687
346,-0.441888
347,-0.012162
348,-0.224029
349,0.750942
350,0.172562
351,0.761929
352,0.506785
353,-0.240102
354,-1.964173
355,-1.059106
356,-1.805301
357,0.380347
358,-0.408915
359,0.514377
360,-0.430703
361,0.312303
362,0.392999
363,0.602614
364,0.0
365,-0.939956
366,0.0
367,-1.169057
368,-0.938569
369,0.267492
370,0.136085
371,0.173357
372,0.780472
373,0.337828
374,0.272771
375,-0.689384
376,-0.206394
377,-0.019488
378,0.073016
379,0.306756
380,-0.394984
381,-0.075164
382,0.0
383,0.003404
384,0.327232
385,-0.005152
386,-0.66405
387,-0.468751
388,0.348041
389,-0.234196
390,0.0
391,0.0
392,0.0
393,0.0
394,0.363006
395,1.03991
396,0.0
397,-0.306481
398,0.969217
399,-0.783011
400,0.083847
401,0.789987
402,-0.920334
403,-0.32868
404,0.454665
405,0.190133
406,-0.605829
407,-0.38657
408,0.25523
409,0.0
410,0.686381
411,-0.73991
412,1.003945
413,-0.080788
414,0.798047
415,0.685189
416,0.0
417,-1.712888
418,-0.138129
419,-0.137068
420,-0.349394
421,0.0
422,-0.489489
423,0.871201
424,0.0
425,0.005438
426,-1.441037
427,0.0
428,0.0
429,-0.206442
430,0.910263
431,-0.694364
432,-0.704336
433,-0.833745
434,0.221033
435,0.0
436,-0.160582
437,-0.346517
438,0.072882
439,0.0
440,0.0
441,0.025113
442,-0.362833
443,-0.666086
444,0.0
445,-0.325294
446,-0.656463
447,0.0
448,0.0
449,-0.46484
450,-1.299598
451,0.0
452,0.0
453,0.0
454,0.0
455,0.16657
456,0.0
457,0.0
458,-0.653322
459,0.0
460,0.0
461,0.0
462,-2.166611
463,-0.944963
464,-1.082701
465,-0.216333
466,-1.289406
467,-0.097178
468,-2.386417
469,-0.61799
470,-0.806084
471,-2.256816
472,-0.58894
473,-0.727566
474,-1.353532
475,-1.091945
476,0.209074
477,-0.554361
478,-1.277512
479,0.463614
480,-0.593281
481,-0.616849
482,-1.318047
483,-0.52762
484,-0.646402
485,-0.405839
486,-0.686699
487,-0.483612
488,0.100132
489,0.15725
490,-0.504214
491,0.0
492,-1.130957
493,-0.137102
494,0.0
495,0.0
496,-0.473069
497,-0.251682
498,0.0
499,-0.69467
500,-1.262373
501,0.0
502,0.0
503,-0.605085
504,0.0
505,-2.110499
506,-0.37267
507,-0.833782
508,-0.703457
509,-0.539652
510,-0.79947
511,-0.171165
512,-0.135309
513,-0.365196
514,0.286969
515,-0.014213
516,-0.452798
517,-0.603523
518,-0.056683
519,1.045704
520,-0.29687
521,0.0
522,-0.163269
523,-1.212571
524,-0.535547
525,0.0
526,0.0
527,0.0
528,0.0
529,0.0
530,-1.726009
531,0.0
532,-0.989696
533,0.0
534,-0.448227
535,-0.783331
536,-0.813577
537,0.0
538,-0.366184
539,0.0
540,0.02507
541,-0.033038
542,0.37274
543,-0.842999
544,-1.575081
545,0.0
546,-1.057165
547,-0.429665
548,-0.509054
549,-0.176722
550,0.0
551,-0.42133
552,0.0
553,0.0
554,0.0
555,-0.908608
556,0.000931
557,-0.316894
558,0.061373
559,-1.108719
560,-0.571079
561,-0.943889
562,-0.318938
563,-0.672712
564,-0.630325
565,-0.958287
566,-0.489323
567,-0.928548
568,-0.140487
569,-1.109101
570,0.0
571,0.0
572,0.0
573,-1.361117
574,0.0
575,-0.731367
576,0.067059
577,-1.188945
578,0.0
579,-0.989022
580,0.0
581,0.0
582,0.0
583,0.0
584,0.0
585,-0.412375
586,0.249997
587,-0.588912
588,-0.792749
589,-0.507395
590,-0.872522
591,0.0
592,0.069706
593,-0.836823
594,0.0
595,-1.290063
596,-0.327065
597,-0.399847
598,-0.588472
599,-0.282789
600,-0.882756
601,-1.222578
602,-0.393141
603,-0.832257
604,-0.111537
605,-0.628638
606,-0.250691
607,-0.477261
608,0.47986
609,-0.633012
610,-0.364296
611,0.0
612,-0.223907
613,-0.646114
614,-0.122287
615,-0.720334
616,0.067319
617,0.0
618,0.0
619,-1.077153
620,-1.090089
621,-0.75595
622,-0.776945
623,-0.239494
624,0.0
625,-1.780115
626,0.0
627,0.0
628,-0.691488
629,-3.528509
630,-0.113783
631,0.0
632,-0.098584
633,-1.183089
634,-0.005301
635,-1.637466
636,-0.932271
637,-0.969881
638,-2.120163
639,-0.328374
640,-0.808628
641,-0.92789
642,-0.264363
643,-1.211225
644,-1.085629
645,-0.793455
646,-1.607865
647,-1.538439
648,-1.677127
649,-0.834239
650,0.0
651,-0.536521
652,-1.285529
653,-0.138878
654,-1.155839
655,0.178105
656,1.187331
657,1.159647
658,1.890731
659,1.142178
660,0.42091
661,-1.201618
662,-0.571138
663,0.984348
664,-0.829924
665,0.064202
666,0.156762
667,0.093966
668,0.164647
669,-0.43908
670,-0.431762
671,0.604714
672,0.245481
673,0.874388
674,0.239805
675,-0.188879
676,0.82035
677,0.13251
678,0.138389
679,0.238424
680,0.98809
681,0.348244
682,0.947386
683,0.025868
684,0.510893
685,-0.106007
686,0.704423
687,1.065562
688,1.296508
689,1.049706
690,0.327365
691,0.17256
692,-0.401989
693,0.69014
694,-0.047981
695,0.342398
696,0.0
697,-0.181574
698,0.034708
699,0.363607
700,-0.865834
701,0.218727
702,0.456496
703,-0.365679
704,0.299216
705,-0.869437
706,-1.514494
707,-0.019911
708,0.0831
709,0.136255
710,0.726396
711,-0.105123
712,-0.598123
713,-0.347387
714,-0.264823
715,-1.056689
716,0.1948
717,-0.022377
718,0.749044
719,-0.477267
720,0.272845
721,-0.100749
722,0.158598
723,0.633585
724,-0.220681
725,0.939253
726,1.147606
727,1.055936
728,-0.17204
729,0.213112
730,0.073576
731,-0.420752
732,0.697725
733,-0.382552
734,-0.301591
735,-0.150174
736,-1.276618
737,0.355892
738,-0.165471
739,-1.475787
740,-0.048472
741,-0.191162
742,0.109367
743,0.53723
744,-0.301817
745,-0.884243
746,-0.539996
747,-0.432941
748,-0.866124
749,-0.613618
750,-0.680871
751,-0.100734
752,0.17856
753,-0.282215
754,-0.20513
755,0.362493
756,-0.505948
757,0.37291
758,-0.107042
759,0.496525
760,-1.258048
761,-1.298707
762,1.189398
763,-0.475789
764,0.456172
765,0.569968
766,0.092088
767,-1.846243
768,-0.427931
769,-0.476177
770,-0.265002
771,0.185365
772,-1.569498
773,0.296626
774,0.20282
775,0.458383
776,0.445009
777,-0.20466
778,0.932504
779,-0.310219
780,0.305865
781,-1.892348
782,-0.097708
783,-0.230469
784,0.264849
785,-0.757226
786,-1.393118
787,0.773811
788,0.030571
789,0.144631
790,-0.413032
791,-0.894367
792,1.022596
793,0.730136
794,0.0
795,0.013977
796,-1.820494
797,-0.611655
798,0.210787
799,1.335798
800,0.887776
801,0.506397
802,0.648808
803,-0.770515
804,-0.520216
805,-0.281794
806,-0.392412
807,-0.260975
808,-0.22046
809,-0.460148
810,-0.871087
811,0.491482
812,-1.887806
813,0.066027
814,1.227953
815,0.378819
816,-0.26783
817,0.613701
818,0.291292
819,-0.017819
820,1.611636
821,1.408811
822,1.491263
823,-0.130745
824,-0.325685
825,1.748622
826,0.923827
827,-0.151912
828,0.0
829,0.0
830,0.0
831,0.0
832,0.0
833,0.0
834,0.0
835,0.0
836,0.0
837,0.0
838,0.0
839,0.0
840,0.0
841,0.0
842,0.0
843,0.0
844,0.0
845,0.0
846,0.0
847,0.0
848,0.0
849,0.0
850,0.0
851,0.0
852,0.0
853,0.0
854,0.0
855,0.0
856,0.0
857,0.0
858,0.0
859,0.0
860,0.0
861,0.0
862,0.0
863,0.0
864,0.0
865,0.0
866,0.0
867,0.0
868,0.0
869,0.0
870,0.0
871,0.0
872,0.0
873,0.0
874,0.0
875,0.0
876,0.0
877,0.0
878,0.0
879,0.0
880,0.0
881,0.0
882,0.0
883,0.0
884,0.0
885,0.0
886,0.958148
887,1.742892
888,1.695675
889,-0.88559
890,0.97776
891,0.351611
892,0.179308
893,-0.002706
894,0.365121
895,0.864617
896,-0.586155
897,1.203794
898,0.744963
899,0.557151
900,0.850961
901,0.861063
902,0.653756
903,0.389184
904,-0.047075
905,0.972241
906,0.191683
907,0.614152
908,-0.058282
909,0.594382
910,0.696084
911,0.709456
912,0.186677
913,0.18463
914,0.762884
915,0.314855
916,0.313629
917,0.277296
918,0.156522
919,0.339177
920,0.027889
921,0.555043
922,-0.119779
923,0.351966
924,-0.092599
925,0.039337
926,0.704035
927,-0.38203
928,0.1298
929,1.086253
930,0.272904
931,1.331933
932,0.308663
933,0.232195
934,-0.021781
935,0.333053
936,0.0
937,-0.530907
938,-0.276711
939,0.102524
940,1.225112
941,0.0
942,0.129248
943,1.457469
944,0.582903
945,1.759317
946,0.924216
947,1.336145
948,0.0
949,1.034041
950,2.160149
951,0.0
952,1.05251
953,1.425487
954,0.0
955,0.444001
956,0.0
957,0.0
958,0.959637
959,-0.464268
960,1.337573
961,0.98395
962,0.701919
963,0.921335
964,-0.106223
965,0.509656
966,0.913784
967,0.693007
968,0.764428
969,0.321688
970,0.822306
971,1.381272
972,1.396044
973,1.402227
974,1.328519
975,0.898305
976,0.834059
977,1.066693
978,1.180961
979,0.482905
980,1.332602
981,0.167866
982,0.477706
983,0.837789
984,1.074992
985,0.808181
986,-0.298677
987,0.055714
988,0.95887
989,0.166259
990,0.341646
991,0.820205
992,0.375352
993,-0.422796
994,1.242146
995,1.140756
996,0.619922
997,0.108594
998,0.325116
999,0.258728
1000,0.885309
1001,0.0
1002,0.0
1003,-0.122543
1004,0.0
1005,-0.739199
1006,1.040725
1007,0.926215
1008,-0.166851
1009,0.555246
1010,0.715477
1011,-0.402469
1012,0.0
1013,-0.076734
1014,-0.690704
1015,-0.178117
1016,-0.212046
1017,-0.515681
1018,0.218254
1019,0.0
1020,-0.668597
1021,-0.826836
1022,-0.19859
1023,0.063633
1024,-0.106461
1025,0.0
1026,0.116501
1027,0.359479
1028,0.422172
1029,0.335615
1030,-0.436337
1031,0.199006
1032,0.0
1033,0.963042
1034,0.316274
1035,0.2944
1036,0.0
1037,1.020253
1038,0.150884
1039,0.000314
1040,0.274754
1041,0.378616
1042,1.114046
1043,-0.158391
1044,1.166274
1045,-0.542333
1046,0.525891
1047,-1.192608
1048,0.997206
1049,-0.560276
1050,-0.612901
1051,0.107132
1052,0.132592
1053,0.709718
1054,0.712852
1055,1.280723
1056,1.435349
1057,0.614405
1058,0.465512
1059,0.864174
1060,0.424145
1061,0.270308
1062,0.593293
1063,0.63342
1064,-0.016922
1065,1.290007
1066,0.919717
1067,0.411174
1068,1.075955
1069,0.64037
1070,1.140174
1071,0.953382
1072,0.647083
1073,0.865231
1074,1.485157
1075,1.343604
1076,0.818067
1077,1.051632
1078,1.576864
1079,0.215793
1080,-0.352867
1081,-0.529611
1082,0.227282
1083,-0.379387
1084,0.327405
1085,-0.094171
1086,1.218538
1087,1.225457
1088,0.516623
1089,0.107161
1090,0.308161
1091,0.329808
1092,0.534406
1093,0.493848
1094,0.063706
1095,0.471186
1096,0.421754
1097,1.046014
1098,0.581185
1099,0.264954
1100,0.520003
1101,0.502371
1102,0.861944
1103,0.625949
1104,0.387082
1105,-0.49952
1106,1.251938
1107,0.824125
1108,1.982058
1109,-0.024477
1110,-0.023787
1111,-0.525406
1112,-0.002247
1113,-1.969883
1114,0.037405
1115,-0.262971
1116,0.442109
1117,-0.752577
1118,-0.475364
1119,-0.142027
1120,-0.95829
1121,-0.165261
1122,-0.703477
1123,0.179597
1124,0.191602
1125,0.389296
1126,-0.9558
1127,-0.276007
1128,-0.399746
1129,0.160161
1130,0.004517
1131,-0.724524
1132,-1.523947
1133,0.026138
1134,0.225722
1135,-0.147355
1136,-0.47546
1137,0.0
1138,0.478578
1139,0.0
1140,0.0
1141,0.0
1142,0.34264
1143,-1.526952
1144,0.0
1145,-0.094858
1146,0.069609
1147,-0.981061
1148,0.0
1149,0.276024
1150,-0.101023
1151,-0.133299
1152,0.0
1153,0.38756
1154,0.0
1155,0.0
1156,-1.252359
1157,0.283017
1158,-0.436937
1159,-0.194048
1160,0.265423
1161,-0.203046
1162,0.118543
1163,0.669726
1164,-0.23741
1165,-0.056226
1166,-0.50045
1167,-0.24885
1168,0.122752
1169,0.189662
1170,-1.783159
1171,-0.899831
1172,-0.42192
1173,-0.41344
1174,-0.147213
1175,-0.000115
1176,-0.469566
1177,-0.362933
1178,0.513781
1179,-0.446623
1180,-0.418515
1181,-1.404251
1182,0.0
1183,0.0
1184,-1.614181
1185,-0.346655
1186,-0.212125
1187,-0.232598
1188,0.42023
1189,0.0
1190,0.058162
1191,-0.144939
1192,0.930415
1193,0.0
1194,0.206779
1195,0.64568
1196,0.0
1197,-1.020116
1198,0.0
1199,-0.322783
1200,0.0
1201,0.286581
1202,0.067381
1203,-0.415978
1204,-0.693659
1205,0.912882
1206,0.0
1207,-0.386421
1208,-0.791476
1209,-0.089397
1210,-0.133959
1211,-0.364835
1212,-0.845817
1213,-0.64497
1214,0.0
1215,-0.530982
1216,-0.413033
1217,0.45803
1218,-0.855362
1219,-1.257176
1220,-0.66009
1221,-1.526515
1222,-0.183188
1223,-1.130002
1224,0.234357
1225,-0.635223
1226,0.053925
1227,-0.37449
1228,-0.807011
1229,0.796247
1230,0.070492
1231,0.0
1232,0.0
1233,-0.691726
1234,-1.089009
1235,-0.518669
1236,0.0
1237,0.0
1238,-0.408468
1239,0.0
1240,-0.056086
1241,-0.413691
1242,-0.479431
1243,-0.485517
1244,-0.420074
1245,-0.786653
1246,0.824929
1247,-0.870117
1248,-0.027008
1249,-0.184018
1250,-1.236868
1251,0.350837
1252,0.052015
1253,0.221571
1254,-0.145968
1255,-0.380764
1256,-0.796306
1257,-0.809072
1258,0.235688
1259,0.003986
1260,0.02558
1261,0.0
1262,-0.321543
1263,0.403285
1264,0.219054
1265,0.512022
1266,-0.192864
1267,0.025608
1268,-0.920153
1269,0.359266
1270,-0.589306
1271,-0.306619
1272,-1.683201
1273,-0.014339
1274,-0.708444
1275,-0.378036
1276,-2.597554
1277,-0.136066
1278,-0.207667
1279,-0.659327
1280,0.274168
1281,0.0
1282,0.0
1283,-0.111812
1284,-0.8156
1285,-0.702217
1286,-0.501886
1287,-0.760976
1288,-1.101158
1289,-0.167867
1290,-0.547798
1291,-0.106842
1292,-0.368963
1293,0.009238
1294,-0.562795
1295,-0.908938
1296,-0.483989
1297,-0.97148
1298,-0.552579
1299,-0.445379
1300,0.0
1301,-0.008343
1302,-0.207999
1303,0.212633
1304,-0.084593
1305,-0.117542
1306,-0.151287
1307,0.245398
1308,-1.004952
1309,-0.99324
1310,-1.135473
1311,-1.319507
1312,-0.393653
1313,-1.10081
1314,-0.584623
1315,0.141862
1316,-0.238669
1317,-0.598906
1318,-0.587663
1319,-1.267853
1320,-0.697855
1321,-1.016366
1322,-0.488133
1323,-0.740363
1324,0.036269
1325,-0.388654
1326,-0.779455
1327,-0.214948
1328,-0.125291
1329,-0.322843
1330,-0.549839
1331,-1.464357
1332,-0.805667
1333,-0.769649
1334,0.0
1335,0.030209
1336,-0.76096
1337,-0.032898
1338,-0.49636
1339,-0.44791
1340,-0.211929
1341,-0.887775
1342,0.146484
1343,-1.389291
1344,0.0
1345,0.460911
1346,0.516468
1347,-0.104331
1348,-0.828606
1349,0.307543
1350,-0.818136
1351,-0.499563
1352,-0.57222
1353,0.08078
1354,0.0
1355,-1.158631
1356,-0.537422
1357,0.01209
1358,-0.823543
1359,0.265852
1360,-0.627372
1361,-1.298578
1362,-0.629128
1363,0.105151
1364,0.341623
1365,-0.674255
1366,-0.698198
1367,-3.186745
1368,0.141651
1369,-0.821099
1370,-0.648388
1371,0.0
1372,-0.290889
1373,0.0
1374,-2.054883
1375,-0.772639
1376,0.0
1377,0.512421
1378,0.49036
1379,-0.236461
1380,1.380592
1381,-0.640427
1382,-0.763769
1383,-0.601997
1384,-0.777794
1385,-0.692374
1386,0.486349
1387,0.0
1388,0.0
1389,0.0
1390,0.0
1391,0.0
1392,0.0
1393,0.0
1394,0.0
1395,0.0
1396,0.0
1397,0.0
1398,0.0
1399,0.0
1400,0.0
1401,0.0
1402,0.0
1403,0.0
1404,0.0
1405,0.0
1406,0.0
1407,0.0
1408,0.0
1409,0.0
1410,0.0
1411,0.0
1412,0.0
1413,0.0
1414,0.0
1415,0.0
1416,0.0
1417,0.0
1418,-0.681252
1419,-0.226833
1420,-0.168008
1421,0.130334
1422,0.236073
1423,-0.386668
1424,0.121311
1425,0.107998
1426,-0.243867
1427,-0.473646
1428,-0.07066
1429,-0.13749
1430,-0.687248
1431,-0.22819
1432,0.016553
1433,0.10188
1434,0.111398
1435,-0.214558
1436,-0.653048
1437,-0.734485
1438,-0.082211
1439,-0.319934
1440,-0.18217
1441,0.197358
1442,0.501794
1443,-0.171364
1444,0.260443
1445,0.338606
1446,0.155867
1447,0.024692
1448,-0.274349
1449,-0.75095
1450,-0.795873
1451,-0.403635
1452,-0.310891
1453,-0.169702
1454,-1.117215
1455,-0.421267
1456,-0.319828
1457,-1.145779
1458,-0.351272
1459,-0.271196
1460,-1.384747
1461,-1.178059
1462,0.363906
1463,0.068902
1464,-0.673833
1465,0.107783
1466,-0.774786
1467,-0.28312
1468,-0.902962
1469,-1.590119
1470,-0.487108
1471,-0.636494
1472,-1.217553
1473,-1.934094
1474,-1.441506
1475,-1.035385
1476,-0.543279
1477,0.074825
1478,0.03583
1479,-1.051346
1480,-0.289499
1481,-0.461729
1482,-0.225096
1483,-0.750511
1484,0.120146
1485,0.0
1486,-0.334865
1487,-0.649831
1488,0.0
1489,-1.704369
1490,0.0
1491,0.0
1492,-1.193154
1493,0.068868
1494,0.77474
1495,-0.701987
1496,-0.854939
1497,-0.489855
1498,0.153831
1499,-1.343807
1500,-1.220394
1501,-0.298401
1502,-0.030878
1503,-0.008746
1504,0.107586
1505,-0.064772
1506,-0.183055
1507,-1.651105
1508,-0.479102
1509,-0.028433
1510,-0.139507
1511,-0.628034
1512,-0.942392
1513,-0.557983
1514,0.301447
1515,-0.824106
1516,-0.943037
1517,-0.21909
1518,0.237366
1519,-0.635894
1520,-0.180676
1521,-1.284292
1522,-1.325555
1523,-0.024371
1524,-0.942238
1525,-0.788893
1526,-0.5906
1527,-1.034364
1528,0.289273
1529,-0.014244
1530,-0.750912
1531,-0.336026
1532,0.38263
1533,0.242613
1534,-0.970274
1535,-0.390373
1536,0.183109
1537,0.121719
1538,0.161505
1539,-0.629203
1540,-0.636225
1541,-1.039118
1542,-0.778205
1543,-1.257269
1544,-0.612775
1545,-2.650298
1546,-0.317981
1547,0.265556
1548,-0.13633
1549,-0.25065
1550,-1.504316
1551,-0.839728
1552,-0.653066
1553,-0.491659
1554,0.561894
1555,-0.89975
1556,-1.43493
1557,-1.070906
1558,-1.58379
1559,-1.272711
1560,-0.959783
1561,0.154184
1562,-0.513256
1563,-0.818775
1564,-0.01693
1565,-0.722452
1566,-0.178954
1567,-0.785134
1568,-1.507615
1569,-0.680482
1570,-0.825295
1571,-0.965043
1572,-0.313583
1573,0.499453
1574,-0.317887
1575,0.394636
1576,0.229087
1577,0.0
1578,0.0
1579,0.0
1580,0.0
1581,-1.170516
1582,-1.152917
1583,0.581372
1584,-1.227999
1585,0.0
1586,0.0
1587,-0.991879
1588,-0.840395
1589,-0.556912
1590,0.0
1591,-0.053519
1592,-0.717796
1593,-1.499412
1594,-1.224847
1595,-0.5918
1596,0.188341
1597,-0.780546
1598,-2.464607
1599,-0.678977
1600,-1.218538
1601,0.0
1602,-0.284784
1603,-0.671541
1604,-0.771437
1605,-0.058996
1606,0.0
1607,-0.529589
1608,0.073997
1609,0.0
1610,0.0
1611,0.0
1612,0.0
1613,0.129474
1614,-1.155096
1615,-0.372089
1616,-0.618276
1617,-0.587574
1618,0.0
1619,0.0
1620,-0.685604
1621,0.0
1622,-0.0925
1623,-0.193956
1624,-0.476472
1625,-0.890448
1626,-0.589908
1627,-1.658468
1628,-0.247005
1629,-0.684107
1630,0.223921
1631,-0.968546
1632,-1.195821
1633,-0.628104
1634,-1.371914
1635,-0.722022
1636,-0.437678
1637,-1.554434
1638,-1.26776
1639,-1.132669
1640,-1.497469
1641,-0.599636
1642,-1.620393
1643,-1.326083
1644,-1.424915
1645,-0.885575
1646,0.242987
1647,0.0
1648,-0.347775
1649,-0.603833
1650,-1.032108
1651,-0.603856
1652,0.507857
1653,0.501122
1654,-0.786795
1655,-0.089658
1656,-0.197498
1657,-0.103764
1658,-0.280315
1659,0.267434
1660,-0.569784
1661,0.155711
1662,-0.350198
1663,0.319928
1664,0.050727
1665,-0.04222
1666,0.411732
1667,-0.051872
1668,0.016946
1669,-0.525297
1670,0.433817
1671,-0.882216
1672,-0.345773
1673,0.018914
1674,0.02559
1675,1.225138
1676,-0.37651
1677,-0.351034
1678,-0.332177
1679,0.128524
1680,0.0
1681,-0.858251
1682,-0.73751
1683,-0.554153
1684,0.0
1685,0.244038
1686,-0.170426
1687,0.010973
1688,-1.045105
1689,-0.599788
1690,-0.786109
1691,0.400252
1692,-1.228401
1693,-0.188304
1694,-0.973737
1695,-0.37336
1696,-0.061376
1697,0.395907
1698,0.105548
1699,-0.089214
1700,0.207918
1701,-0.090982
1702,-0.093766
1703,-0.269232
1704,-0.234219
1705,-0.409827
1706,0.255425
1707,-0.393393
1708,-0.350633
1709,0.11727
1710,-1.202323
1711,0.005134
1712,-0.189318
1713,0.304374
1714,-1.122134
1715,-1.14396
1716,-0.084099
1717,0.123871
1718,-0.272721
1719,-0.018095
1720,0.024017
1721,0.39539
1722,0.0
1723,-0.684769
1724,-0.019802
1725,-0.305284
1726,-0.463413
1727,-0.232039
1728,-1.107182
1729,0.217789
1730,-1.360894
1731,-0.268061
1732,-0.21316
1733,0.0
1734,0.075748
1735,0.0
1736,-1.603995
1737,0.030098
1738,-1.540451
1739,-0.315377
1740,-0.061542
1741,-0.387421
1742,-1.304438
1743,0.006064
1744,-1.432503
1745,-0.731465
1746,-1.152816
1747,-0.963285
1748,0.057968
1749,0.186818
1750,-0.544078
1751,0.018754
1752,-0.17576
1753,-1.700524
1754,-1.106909
1755,0.575328
1756,0.171712
1757,-0.405583
1758,-0.115434
1759,-1.009932
1760,-0.700085
1761,0.405238
1762,-0.532021
1763,-0.336128
1764,0.420956
1765,0.732115
1766,-0.733162
1767,-1.781428
1768,-0.585827
1769,-0.725442
1770,-1.356716
1771,-1.410926
1772,-0.294956
1773,-0.554974
1774,-0.947431
1775,-0.507205
1776,0.57399
1777,-1.150425
1778,0.424077
1779,0.0
1780,-0.416166
1781,-1.121411
1782,-0.64094
1783,-0.546441
1784,-0.421776
1785,0.0
1786,0.98239
1787,0.99313
1788,-1.261755
1789,0.0
1790,0.498044
1791,0.0
1792,-0.357387
1793,-0.601906
1794,-0.49138
1795,0.0
1796,-1.251973
1797,0.515112
1798,-0.182975
1799,-0.464542
1800,-0.381882
1801,-0.647743
1802,-2.268458
1803,-0.696391
1804,0.333428
1805,-0.463761
1806,0.587667
1807,0.0
1808,0.0
1809,-1.090018
1810,0.460151
1811,-1.309695
1812,-0.372426
1813,0.0
1814,0.333356
1815,0.647967
1816,0.0
1817,0.593929
1818,0.375673
1819,0.026811
1820,-0.566381
1821,-1.239521
1822,0.224483
1823,-0.829102
1824,0.0
1825,0.014857
1826,-0.586421
1827,0.167908
1828,-0.906114
1829,-0.979664
1830,-1.260889
1831,-0.226128
1832,0.274304
1833,-0.203301
1834,-0.313343
1835,0.054356
1836,-0.022899
1837,-0.108767
1838,-1.400218
1839,-0.092175
1840,-0.182735
1841,-0.518941
1842,0.047988
1843,0.76137
1844,0.152389
1845,0.970261
1846,0.270939
1847,-0.1003
1848,-1.110575
1849,-0.257099
1850,-0.277813
1851,0.8574
1852,-0.437128
1853,0.335896
1854,-0.489945
1855,-0.591178
1856,-0.330457
1857,0.518068
1858,-0.836492
1859,-1.855377
1860,-0.56018
1861,0.236951
1862,-0.855846
1863,-0.620925
1864,-0.229246
1865,-1.469586
1866,-0.648852
1867,-0.649017
1868,-1.400717
1869,-1.216419
1870,-0.4407
1871,-0.477182
1872,-1.397118
1873,-0.530827
1874,0.448258
1875,-0.830235
1876,0.117497
1877,-0.712978
1878,-0.156473
1879,-1.567392
1880,0.355437
1881,-1.100422
1882,-0.428633
1883,-1.535751
1884,-1.356447
1885,-1.456335
1886,-0.532999
1887,-0.75519
1888,-0.148085
1889,-0.486492
1890,-0.981565
1891,-1.728562
1892,-0.186211
1893,0.180895
1894,-0.064597
1895,0.727137
1896,-0.87555
1897,0.119208
1898,0.0
1899,0.248404
1900,-0.536967
1901,-1.013703
1902,0.498311
1903,-0.103789
1904,-1.178851
1905,-0.367159
1906,0.00239
1907,0.101522
1908,-1.035192
1909,0.0
1910,-0.803906
1911,0.0
1912,0.0
1913,0.322287
1914,-0.607839
1915,-0.134474
1916,-1.147906
1917,-0.746723
1918,-0.748528
1919,-0.315276
1920,0.0
1921,-0.320452
1922,-0.597767
1923,-0.68606
1924,0.158558
1925,0.075662
1926,-0.488963
1927,-0.8453
1928,-0.636355
1929,-0.415815
1930,-0.46351
1931,-0.514762
1932,0.0
1933,-0.635457
1934,-1.224201
1935,0.072151
1936,0.0
1937,-0.302512
1938,-0.465899
1939,-1.817827
1940,0.38164
1941,-1.092481
1942,-0.124577
1943,-1.423897
1944,0.882879
1945,-0.647091
1946,-0.309984
1947,0.0
1948,-0.912053
1949,-1.248071
1950,0.0
1951,-0.435338
1952,-0.184516
1953,-0.580565
1954,-0.702998
1955,-0.332026
1956,-0.56336
1957,-0.276937
1958,0.0
1959,-0.39002
1960,0.322298
1961,0.65799
1962,-0.108791
1963,-0.499676
1964,-0.116356
1965,-0.699388
1966,-1.304999
1967,-0.045244
1968,-0.861651
1969,-0.913214
1970,0.0
1971,-0.983921
1972,-0.474021
1973,-0.839499
1974,-0.874329
1975,-1.250343
1976,-0.122677
1977,-0.745677
1978,-1.31332
1979,-1.774074
1980,-1.516524
1981,-0.980668
1982,-1.360021
1983,-0.855435
1984,-0.857021
1985,-1.060088
1986,-0.613571
1987,1.082019
1988,-0.976617
1989,-0.323328
1990,-0.502487
1991,-0.055251
1992,-0.964445
1993,-0.929936
1994,-1.457406
1995,0.0
1996,-0.355019
1997,0.052856
1998,-0.312661
1999,0.35136
2000,-0.272361
2001,-0.819981
2002,-0.215594
2003,-1.496534
2004,-0.518467
2005,-1.028425
2006,-0.656035
2007,0.0
2008,-1.427993
2009,0.091528
2010,0.0
2011,-0.551118
2012,-1.04647
2013,-1.09401
2014,-0.699452
2015,-0.354436
2016,-0.569414
2017,-1.356516
2018,0.0
2019,-0.788054
2020,0.566238
2021,-0.629934
2022,-0.097702
2023,-0.651817
2024,-0.571437
2025,-0.733815
2026,-0.901356
2027,-0.359908
2028,-0.465184
2029,0.043064
2030,-0.382843
2031,-0.400825
2032,-0.949215
2033,-0.225569
2034,-0.78265
2035,-1.000976
2036,0.18049
2037,-1.167807
2038,-1.012008
2039,-0.708866
2040,-0.206992
2041,-0.604739
2042,-1.292799
2043,0.283352
2044,-1.173289
2045,-2.107195
2046,-0.847477
2047,-1.119908
2048,-0.701407
2049,-0.916576
2050,-0.283909
2051,-1.72191
2052,-1.35568
2053,-0.825929
2054,-0.961236
2055,-0.310599
2056,-1.56507
2057,-0.937048
2058,-0.759966
2059,-0.91531
2060,-2.139838
2061,-0.176842
2062,-1.030849
2063,-0.524264
2064,-0.714947
2065,-0.227984
2066,-0.99726
2067,-1.204433
2068,-0.038917
2069,-0.572058
2070,-0.89863
2071,0.005014
2072,-1.267569
2073,-0.113787
2074,-0.761894
2075,-0.641794
2076,-2.554945
2077,-1.788361
2078,-1.571548
2079,-1.162564
2080,0.958577
2081,-1.065816
2082,-1.130201
2083,-0.73521
2084,-1.594604
2085,-0.30941
2086,-1.121868
2087,-0.109424
2088,-2.43685
2089,-0.244143
2090,-0.197112
2091,-1.156121
2092,-0.886505
2093,-1.146915
2094,-0.429918
2095,-0.854125
2096,-0.699646
2097,-0.457772
2098,-0.842717
2099,-0.510286
2100,0.0
2101,-0.20024
2102,-0.946439
2103,-0.529602
2104,-1.226258
2105,-0.43862
2106,0.737947
2107,-1.41081
2108,-1.56126
2109,-3.953196
2110,-0.277267
2111,-1.408041
2112,-0.535205
2113,-1.13129
2114,-0.826823
2115,-2.463564
2116,-0.723168
2117,0.055834
2118,-1.553079
2119,-0.698651
2120,-0.45074
2121,-1.52321
2122,-0.259208
2123,-0.725688
2124,-0.609216
2125,-0.08542
2126,-0.841389
2127,-0.57675
2128,0.273455
2129,0.253227
2130,-1.479739
2131,0.397803
2132,-0.938167
2133,0.157886
2134,-1.410669
2135,-0.740562
2136,0.0
2137,1.207075
2138,0.0
2139,-0.390543
2140,-1.141903
2141,-1.161688
2142,-1.906963
2143,-1.970495
2144,-0.602951
2145,-1.18574
2146,0.30651
2147,-0.996614
2148,-0.417094
2149,-1.173391
2150,-0.498111
2151,-0.829672
2152,0.11713
2153,0.42395
2154,-0.657597
2155,0.463986
2156,-1.303484
2157,-1.090986
2158,-1.142342
2159,-0.920644
2160,-0.534841
2161,-0.788684
2162,-0.387805
2163,-1.00511
2164,-0.131696
2165,-1.499881
2166,-0.292364
2167,0.117479
2168,-0.223213
2169,0.141953
2170,-1.082233
2171,-0.777303
2172,-0.974484
2173,0.309451
2174,-0.492884
2175,-0.175869
2176,-0.422056
2177,-1.072284
2178,-0.355891
2179,-0.046729
2180,0.074799
2181,-0.239903
2182,-1.25933
2183,-1.549624
2184,-1.587696
2185,0.345006
2186,-0.607581
2187,-0.58952
2188,-1.298747
2189,-0.46837
2190,-0.186948
2191,-0.07656
2192,0.100331
2193,-0.751854
2194,-0.715547
2195,-1.198155
2196,-0.468965
2197,-0.111594
2198,-0.331717
2199,0.038082
2200,-1.219456
2201,-0.924411
2202,-0.31313
2203,-0.047232
2204,-0.258747
2205,0.0
2206,-0.199272
2207,-0.278327
2208,0.493185
2209,-1.126605
2210,-1.45351
2211,-1.504792
2212,-0.206535
2213,-0.408968
2214,-0.063759
2215,-0.467998
2216,-1.528921
2217,-1.706223
2218,-0.535987
2219,-1.090382
2220,-1.240749
2221,-0.320929
2222,-1.582396
2223,-0.808944
2224,-1.866074
2225,-0.871833
2226,-0.673975
2227,-1.511737
2228,-0.696663
2229,-0.492075
2230,-1.109174
2231,-1.086656
2232,-0.344529
2233,-0.546833
2234,-0.450478
2235,-0.025845
2236,-1.063301
2237,-0.472342
2238,-0.575979
2239,-0.224623
2240,-1.042712
2241,-1.250302
2242,-1.811171
2243,-1.27077
2244,-0.110897
2245,-0.540223
2246,-0.620611
2247,0.513244
2248,-2.13225
2249,-1.744563
2250,-0.110493
2251,-1.614703
2252,-1.196324
2253,-0.691737
2254,-0.052562
2255,-1.674696
2256,-1.049612
2257,-1.243378
2258,-1.236514
2259,-0.460133
2260,-0.883367
2261,0.07673
2262,-1.433038
2263,-0.227445
2264,-0.546516
2265,-0.593542
2266,-1.830321
2267,-0.996784
2268,-0.775962
2269,-0.237535
2270,-1.729177
2271,-1.092256
2272,0.03406
2273,-1.252884
2274,-1.371228
2275,-0.868
2276,-0.642589
2277,-2.484124
2278,-1.76735
2279,-0.762115
2280,-0.795504
2281,-1.505618
2282,0.0
2283,-0.182564
2284,-0.020162
2285,-0.218435
2286,0.019834
2287,-1.586302
2288,-0.085034
2289,-1.415476
2290,0.0
2291,-0.274495
2292,-1.425468
2293,-0.325457
2294,-0.548408
2295,-0.756431
2296,-2.461275
2297,0.069029
2298,0.106166
2299,-0.626026
2300,-2.170199
2301,-1.406885
2302,-1.03037
2303,-2.787518
2304,-0.848299
2305,-0.086267
2306,-1.018452
2307,0.073379
2308,-0.098882
2309,-1.623158
2310,-1.313602
2311,-0.258632
2312,0.341474
2313,-0.652394
2314,-0.597889
2315,-0.193404
2316,0.281753
2317,-1.361571
2318,-0.824509
2319,-0.208389
2320,0.964878
2321,-0.487222
2322,0.481907
2323,-1.289542
2324,-1.143056
2325,0.488705
2326,-0.451085
2327,-1.259434
2328,0.09037
2329,-1.229009
2330,-0.142878
2331,-1.328374
2332,-1.013819
2333,-1.167688
2334,-0.292192
2335,-0.234243
2336,-0.332921
2337,-1.860743
2338,-1.139087
2339,-0.274814
2340,-0.681141
2341,-0.580308
2342,-0.86139
2343,-1.052818
2344,-0.872527
2345,-0.207366
2346,0.092288
2347,-1.42982
2348,-0.783608
2349,0.389025
2350,-0.931758
2351,-0.214838
2352,0.543838
2353,-1.333825
2354,-0.599534
2355,-0.396454
2356,0.236066
2357,0.447388
2358,-0.021793
2359,-0.645137
2360,0.589676
2361,-0.470365
2362,-0.144112
2363,-0.378782
2364,-0.554579
2365,-0.88035
2366,-1.122063
2367,-0.848825
2368,-1.186738
2369,0.927232
2370,-0.006208
2371,-0.271875
2372,-0.214674
2373,-0.606829
2374,0.01033
2375,0.130138
2376,-0.679168
2377,0.00362
2378,1.172054
2379,-0.265215
2380,-0.582634
2381,-0.346337
2382,-0.88843
2383,-0.750277
2384,-0.474266
2385,-0.759679
2386,0.23644
2387,-0.268913
2388,-2.226274
2389,-0.021607
2390,-1.223052
2391,0.0
2392,-0.671504
2393,-1.673091
2394,0.0
2395,0.18248
2396,-0.26635
2397,-0.220215
2398,-0.566214
2399,0.0
2400,-1.002747
2401,-0.130158
2402,0.0
2403,0.565179
2404,0.168785
2405,0.0
2406,-0.548563
2407,1.088021
2408,0.0
2409,0.840762
2410,0.0
2411,-1.020181
2412,0.742281
2413,0.353709
2414,-0.561675
2415,0.0
2416,-0.228025
2417,-0.475037
2418,-1.76711
2419,-0.304786
2420,-0.161005
2421,-1.126685
2422,-0.856265
2423,-1.12555
2424,-1.422092
2425,0.084753
2426,0.374187
2427,0.819268
2428,0.147061
2429,0.047651
2430,0.038838
2431,0.502836
2432,0.678171
2433,-0.308788
2434,-0.371889
2435,0.344883
2436,-0.643054
2437,-1.261155
2438,-0.695135
2439,-0.55177
2440,-0.627993
2441,-0.275317
2442,0.0
2443,-0.453166
2444,0.434931
2445,0.829768
2446,0.0
2447,0.0
2448,0.612535
2449,-0.090852
2450,-1.155516
2451,0.140233
2452,-0.351339
2453,0.0
2454,0.042703
2455,-0.416569
2456,-0.326352
2457,0.534918
2458,0.414414
2459,-0.29966
2460,0.729397
2461,-0.020099
2462,0.841776
2463,-0.49317
2464,-0.377517
2465,-0.294934
2466,-0.950922
2467,-0.547761
2468,-0.280844
2469,-0.137835
2470,0.075781
2471,0.729012
2472,-0.889216
2473,-0.47304
2474,-0.581007
2475,-1.04392
2476,-1.929905
2477,0.157782
2478,-0.196437
2479,-0.376262
2480,-0.944643
2481,-0.862081
2482,-0.085046
2483,-0.426595
2484,0.063206
2485,-0.682825
2486,0.191244
2487,-0.286861
2488,-1.059293
2489,-0.589821
2490,-0.47997
2491,-0.498718
2492,-0.645507
2493,-0.368636
2494,-0.7271
2495,-0.281248
2496,-0.452195
2497,-0.820516
2498,-0.46985
2499,-0.49027
2500,-0.269719
2501,-0.573737
2502,-0.966896
2503,-1.082741
2504,-1.327685
2505,-0.719023
2506,0.549011
2507,-0.89089
2508,-1.49979
2509,-0.210416
2510,-0.828776
2511,0.058695
2512,-0.260107
2513,-0.866853
2514,-0.742444
2515,-0.441695
2516,0.737401
2517,-0.246459
2518,0.314259
2519,-0.521428
2520,-0.908711
2521,-0.99121
2522,-0.879771
2523,0.161587
2524,-0.513512
2525,-1.077677
2526,-0.566556
2527,-0.771543
2528,-0.102376
2529,-0.305533
2530,-0.3936
2531,-0.776752
2532,-0.02258
2533,0.212133
2534,-0.448956
2535,-0.35125
2536,0.119796
2537,-0.016613
2538,-0.140166
2539,-0.463019
2540,-0.791926
2541,-0.362813
2542,0.172342
2543,0.626466
2544,0.217725
2545,-0.111856
2546,-0.50093
2547,-0.78624
2548,-0.336941
2549,-0.804724
2550,-0.850871
2551,0.176674
2552,-0.850116
2553,-0.056568
2554,-0.238834
2555,-0.510805
2556,-0.508781
2557,0.298568
2558,-0.622148
2559,-1.736601
2560,-1.36818
2561,0.26603
2562,-0.093487
2563,0.115106
2564,0.475811
2565,0.441425
2566,0.301692
2567,0.537246
2568,0.122664
2569,-0.479531
2570,-0.409141
2571,0.297966
2572,-1.10008
2573,0.193154
2574,0.100136
2575,-1.184211
2576,0.0
2577,0.067879
2578,-0.400543
2579,0.344361
2580,-1.260972
2581,0.098214
2582,-0.731971
2583,0.189945
2584,-0.816974
2585,0.0
2586,-0.409398
2587,0.0
2588,-1.068457
2589,0.290156
2590,-1.499931
2591,-1.36606
2592,-0.804291
2593,-0.380209
2594,-0.531566
2595,0.258793
2596,-1.154388
2597,-1.431456
2598,0.0
2599,0.410049
2600,0.685835
2601,-0.09615
2602,-1.515943
2603,-1.43936
2604,0.22966
2605,0.467486
2606,0.208509
2607,0.474859
2608,0.361685
2609,0.698501
2610,0.270543
2611,0.016751
2612,0.32822
2613,0.108372
2614,0.523893
2615,-1.234863
2616,-0.305419
2617,-0.813734
2618,-1.053481
2619,-0.496181
2620,-1.335071
2621,-0.731504
2622,-0.984981
2623,-0.636915
2624,-0.375731
2625,-0.259018
2626,-1.538606
2627,-0.472584
2628,-0.603789
2629,-0.442689
2630,0.148379
2631,-0.902801
2632,-0.747296
2633,0.0
2634,-0.621763
2635,0.028547
2636,-0.190813
2637,-0.516402
2638,-1.155739
2639,0.328578
2640,0.803141
2641,-0.939241
2642,-0.413796
2643,-0.522974
2644,-0.893316
2645,-1.227734
2646,-0.98926
2647,-0.182471
2648,-0.370045
2649,-1.408211
2650,-2.911671
2651,0.0
2652,-1.819778
2653,-0.542484
2654,-0.019487
2655,-0.051547
2656,-0.596969
2657,-0.476026
2658,-0.535891
2659,-0.894414
2660,-0.768242
2661,0.528136
2662,-0.968934
2663,0.425127
2664,0.0
2665,0.61524
2666,-0.095643
2667,0.331588
2668,-1.657764
2669,0.072693
2670,0.864231
2671,-0.455736
2672,-0.085793
2673,-0.466735
2674,-0.040466
2675,-0.461988
2676,0.827689
2677,-0.195866
2678,-0.685404
2679,-0.59093
2680,0.249018
2681,-1.177987
2682,0.176389
2683,-0.83096
2684,-0.547194
2685,-1.54263
2686,0.037097
2687,0.350622
2688,0.052571
2689,0.04218
2690,-0.955828
2691,-0.312681
2692,-1.050099
2693,-0.339621
2694,0.443345
2695,-0.357777
2696,-0.362199
2697,-0.233056
2698,-0.106217
2699,-0.824271
2700,-0.308316
2701,-0.414015
2702,0.0
2703,0.402632
2704,-0.662692
2705,-0.66557
2706,-1.553666
2707,0.130667
2708,0.879005
2709,0.54892
2710,-0.84184
2711,-0.768093
2712,-0.468194
2713,-0.843725
2714,-0.945616
2715,-0.373328
2716,-1.326511
2717,-0.058572
2718,-0.833858
2719,-1.363134
2720,-0.548953
2721,-0.789227
2722,-0.305401
2723,-0.746062
2724,-0.60071
2725,-1.60469
2726,0.304965
2727,-1.221602
2728,-0.119221
2729,-0.143257
2730,-0.574671
2731,0.264903
2732,0.004158
2733,-0.006341
2734,-0.124204
2735,-0.037002
2736,-0.469309
2737,0.672356
2738,0.135134
2739,-0.10968
2740,0.894005
2741,-0.049065
2742,0.275906
2743,0.29819
2744,-1.006821
2745,-0.093212
2746,0.425353
2747,0.0
2748,-0.429447
2749,-1.056164
2750,-0.569205
2751,-1.277389
2752,-0.667803
2753,-0.298129
2754,-0.934157
2755,-0.836281
2756,-0.351081
2757,-0.196251
2758,0.0
2759,-0.391948
2760,-0.718666
2761,-1.605019
2762,0.495849
2763,-0.112183
2764,-0.192591
2765,-1.522935
2766,0.018379
2767,-0.768562
2768,-0.055962
2769,-0.378774
2770,-0.48608
2771,0.003591
2772,-0.082614
2773,-1.160775
2774,-0.985855
2775,-0.630615
2776,-0.04753
2777,-1.25229
2778,-0.923389
2779,0.196759
2780,0.0
2781,0.318434
2782,-2.051883
2783,0.0
2784,-0.847852
2785,-0.288564
2786,-1.018904
2787,-1.20207
2788,-0.168507
2789,-0.496849
2790,-0.978419
2791,0.375232
2792,-1.540143
2793,0.579366
2794,0.314789
2795,0.012772
2796,0.050571
2797,-0.775617
2798,-0.401333
2799,0.025596
2800,-0.684054
2801,0.334515
2802,-1.588826
2803,0.673783
2804,-0.168366
2805,0.780735
2806,1.134417
2807,0.883121
2808,0.249496
2809,1.728492
2810,-0.464209
2811,0.0
2812,-1.169845
2813,1.631857
2814,1.160108
2815,0.056471
2816,-0.291949
2817,0.971514
2818,0.284621
2819,0.514327
2820,-0.532476
2821,0.45684
2822,-0.144032
2823,-0.518889
2824,-0.737662
2825,-0.137257
2826,0.922844
2827,-0.477359
2828,0.04386
2829,-0.91033
2830,0.044161
2831,1.338374
2832,-1.668674
2833,-2.400354
2834,0.551798
2835,0.788079
2836,0.644934
2837,0.966913
2838,0.605343
2839,0.800333
2840,1.193266
2841,0.651564
2842,0.399149
2843,0.171378
2844,0.0
2845,0.0
2846,-0.207215
2847,0.903186
2848,-0.825774
2849,-0.317833
2850,-0.138939
2851,-0.375606
2852,-0.446013
2853,-0.458373
2854,1.02902
2855,0.0
2856,0.0
2857,0.010577
2858,0.458284
2859,0.163831
2860,0.849257
2861,0.223232
2862,0.058071
2863,-0.163951
2864,0.191485
2865,-0.783331
2866,0.271169
2867,-0.256093
2868,-0.855137
2869,-0.529597
2870,0.923192
2871,-0.279393
2872,0.109422
2873,1.248488
2874,-1.147111
2875,0.999298
2876,0.922125
2877,-1.192738
2878,0.693952
2879,-0.36684
2880,0.0
2881,0.0
2882,0.327772
2883,-0.259854
2884,-0.851826
2885,-0.308346
2886,0.608112
2887,0.125416
2888,0.0
2889,0.0
2890,0.236408
2891,-0.453958
2892,0.384595
2893,-0.048075
2894,-0.0019
2895,0.569556
2896,0.244099
2897,0.0
2898,0.890553
2899,0.0
2900,0.141726
2901,1.154661
2902,-0.036693
2903,-0.460999
2904,0.06725
2905,-0.971669
2906,0.242801
2907,-0.017936
2908,-0.355606
2909,-0.588812
2910,-0.154247
2911,-0.141065
2912,-0.809018
2913,-0.657904
2914,-0.097986
2915,-0.303924
2916,0.087144
2917,-0.178019
2918,-0.120948
2919,0.058883
2920,0.454864
2921,0.773852
2922,1.255935
2923,0.372152
2924,1.1873
2925,0.941855
2926,0.385699
2927,-0.269807
2928,0.789319
2929,0.904614
2930,1.203055
2931,-0.250841
2932,0.107468
2933,0.8031
2934,-0.409828
2935,0.701507
2936,1.074475
2937,-0.192693
2938,-0.506027
2939,-0.326032
2940,0.342731
2941,0.02542
2942,-0.338079
2943,0.841457
2944,0.650658
2945,0.94641
2946,0.057647
2947,0.129806
2948,1.174785
2949,0.007238
2950,1.23924
2951,0.064693
2952,0.721823
2953,1.528404
2954,-1.406919
2955,0.405501
2956,0.275513
2957,0.135977
2958,0.68233
2959,0.388605
2960,0.919969
2961,0.607354
2962,1.279761
2963,0.965604
2964,0.726479
2965,0.004759
2966,0.106183
2967,0.001827
2968,0.47265
2969,0.373326
2970,1.150473
2971,0.372641
2972,0.889296
2973,0.209922
2974,-0.69312
2975,0.415807
2976,1.139928
2977,0.50596
2978,1.219458
2979,0.387248
2980,0.367951
2981,-0.560145
2982,1.042883
2983,0.707915
2984,0.279219
2985,0.654237
2986,0.83504
2987,0.895414
2988,1.203046
2989,1.25889
2990,1.150423
2991,-0.040631
2992,0.417839
2993,0.134871
2994,0.0
2995,1.007192
2996,0.233003
2997,1.18852
2998,0.103465
2999,0.288299
3000,0.559886
3001,0.818956
3002,0.722654
3003,0.565283
3004,0.931144
3005,0.773293
3006,-0.454666
3007,0.047143
3008,0.352768
3009,0.707492
3010,0.977218
3011,0.0
3012,0.734391
3013,0.121245
3014,0.057805
3015,0.0
3016,0.0
3017,-0.706391
3018,-0.524061
3019,0.0
3020,0.07834
3021,0.0
3022,0.0
3023,-0.115665
3024,0.452751
3025,-0.685376
3026,0.714599
3027,0.0
3028,0.0
3029,1.031319
3030,0.576626
3031,-0.553254
3032,0.161937
3033,0.0
3034,0.0
3035,0.0
3036,-0.575557
3037,0.0
3038,-0.692489
3039,0.355072
3040,-0.426824
3041,-0.46998
3042,0.0
3043,0.0
3044,-0.604719
3045,-1.029459
3046,-0.890324
3047,0.0
3048,0.0
3049,-0.470757
3050,-0.385203
3051,-0.427556
3052,-0.634577
3053,0.0
3054,-0.680539
3055,-0.064879
3056,0.365369
3057,0.257029
3058,-0.002491
3059,0.107404
3060,-0.03945
3061,0.254147
3062,0.686046
3063,0.343881
3064,0.300051
3065,0.0
3066,0.0
3067,0.0
3068,0.80716
3069,1.077432
3070,-0.356195
3071,0.763995
3072,0.925817
3073,-0.063542
3074,0.0
3075,-0.227293
3076,-0.418303
3077,0.456981
3078,0.0
3079,0.0
3080,0.0
3081,0.0
3082,0.0
3083,0.348836
3084,0.0
3085,0.0
3086,0.0
3087,0.0
3088,0.270483
3089,0.082922
3090,1.079611
3091,0.600699
3092,0.90308
3093,0.0
3094,0.877603
3095,1.256366
3096,0.0
3097,0.0
3098,0.0
3099,0.0
3100,0.0
3101,0.0
3102,0.0
3103,0.0
3104,0.0
3105,0.0
3106,0.0
3107,0.0
3108,0.0
3109,0.0
3110,0.0
3111,0.0
3112,0.0
3113,0.0
3114,0.0
3115,0.0
3116,0.0
3117,0.0
3118,0.0
3119,0.0
3120,0.0
3121,0.0
3122,0.0
3123,0.0
3124,0.0
3125,0.0
3126,0.0
3127,0.0
3128,0.0
3129,0.0
3130,0.0
3131,0.0
3132,0.0
3133,0.0
3134,0.0
3135,0.0
3136,0.0
3137,0.0
3138,0.0
3139,0.0
3140,0.0
3141,0.0
3142,0.0
3143,0.0
3144,0.0
3145,0.0
3146,0.0
3147,0.0
3501,0.0
3502,0.0
3503,0.0
3504,0.0
3505,0.0
3506,0.0
3507,0.0
3508,0.0
3509,0.0
3510,0.0
3511,0.0
3512,0.0
3513,0.0
3514,0.0
3515,0.0
3516,0.0
3517,0.0
3518,0.0
3519,0.0
3520,0.0
3521,0.0
3522,0.0
3523,0.0
3524,0.0
3525,0.0
3526,0.0
3527,0.0
3528,0.0
3529,0.0
3530,0.0
3531,0.0
3532,0.0
3533,0.0
3534,0.0
3535,0.0
3536,0.0
3537,0.0
3538,0.0
3539,0.0
3540,0.0
3541,0.0
3542,0.0
3543,0.0
3544,0.0
3545,0.0
3546,0.0
3547,0.0
3548,0.0
3549,0.0
3550,0.0
3551,0.0
3552,0.0
3553,0.0
3554,0.0
3555,0.0
3556,0.0
3557,0.0
3558,0.0
3559,0.0
3560,0.0
3561,0.0
3562,0.0
3563,0.0
3564,0.0
3565,0.0
3566,0.0
3567,0.0
3568,0.0
3569,0.0
3570,0.0
3571,0.0
3572,0.0
3573,0.0
3574,0.0
3575,0.0
3576,0.0
3577,0.0
3578,0.0
3579,0.0
3580,0.0
3581,0.0
3582,0.0
3583,0.0
3584,0.0
3585,0.0
3586,0.0
3587,0.0
3588,0.0
3589,0.0
3590,0.0
3591,0.0
3592,0.0
3593,0.0
3594,0.0
3595,0.0
3596,0.0
3597,0.0
3598,0.0
3599,0.0
3600,0.0
